age,weight,height,income_lpa,smoker,city,occupation,insurance_premium_category
56,49.3,1.57,39.04,True,Allahabad,government_job,Medium
46,87.4,1.48,41.73,True,Gaya,retired,High
32,65.4,1.84,43.9,False,Warangal,business_owner,Low
60,97.7,1.79,24.94,True,Jodhpur,private_job,High
25,61.4,1.8,24.47,False,Bhopal,business_owner,Low
38,101.2,1.82,38.48,False,Siliguri,unemployed,Medium
56,77.8,1.51,31.48,True,Jodhpur,student,High
36,120.1,1.64,33.93,False,Lucknow,business_owner,Medium
40,58.6,1.53,38.36,False,Salem,private_job,Low
28,74.3,1.86,42.81,True,Belgaum,business_owner,Medium
28,56.7,1.75,16.75,False,Hubli,business_owner,Low
41,119.2,1.63,18.53,False,Surat,business_owner,Medium
53,115.6,1.51,5.24,False,Rajkot,freelancer,Medium
57,67.9,1.62,28.09,False,Vadodara,freelancer,Low
41,98.8,1.62,2.5,False,Warangal,student,Medium
20,110.9,1.8,22.78,False,Gwalior,retired,Medium
39,90.8,1.76,26.41,True,Bilaspur,business_owner,Medium
19,88.8,1.87,14.32,False,Visakhapatnam,unemployed,Low
41,66.6,1.69,28.69,False,Coimbatore,retired,Low
61,55.2,1.53,2.24,False,Nashik,unemployed,Medium
47,117.1,1.79,2.56,False,Mumbai,retired,Medium
55,117.3,1.81,39.63,False,Asansol,student,Medium
19,96.7,1.73,17.8,False,Siliguri,business_owner,Medium
38,74.1,1.82,6.8,False,Siliguri,business_owner,Low
50,74.9,1.7,25.45,False,Bangalore,government_job,Low
29,103.9,1.71,37.14,False,Bhopal,unemployed,Medium
39,117.1,1.67,10.99,False,Amritsar,retired,Medium
61,116.3,1.49,30.2,False,Lucknow,retired,High
42,108.1,1.53,4.83,False,Patna,freelancer,Medium
44,97.4,1.49,3.24,True,Indore,government_job,High
59,54.5,1.76,25.88,False,Allahabad,private_job,Low
45,60.4,1.62,26.32,False,Bhopal,private_job,Low
33,117.2,1.7,30.89,False,Jaipur,freelancer,Medium
32,94.7,1.88,35.07,False,Vijayawada,freelancer,Low
64,48.7,1.59,46.86,False,Patna,freelancer,Medium
61,55.8,1.66,25.17,False,Varanasi,unemployed,Medium
20,99.1,1.81,16.04,True,Jabalpur,unemployed,High
54,48.4,1.58,38.33,False,Asansol,student,Low
24,60.4,1.51,13.58,True,Jaipur,student,Medium
38,90.3,1.61,21.52,False,Jabalpur,freelancer,Medium
26,101.3,1.55,4.5,False,Belgaum,government_job,Medium
56,98.2,1.89,2.0,False,Dehradun,retired,Medium
35,65.3,1.84,46.24,False,Jaipur,unemployed,Low
21,102.8,1.76,40.26,False,Jalandhar,government_job,Medium
42,66.3,1.86,33.65,False,Jabalpur,business_owner,Low
31,73.1,1.83,20.1,False,Jabalpur,unemployed,Low
26,105.5,1.56,8.98,False,Salem,unemployed,Medium
43,98.0,1.87,8.18,False,Gwalior,student,Low
19,113.4,1.72,12.61,False,Belgaum,retired,Medium
37,98.6,1.84,26.72,False,Mysore,retired,Low
45,91.8,1.87,34.53,False,Siliguri,private_job,Low
64,55.2,1.62,31.96,True,Nagpur,private_job,High
24,76.3,1.53,14.01,False,Chandigarh,private_job,Medium
61,68.4,1.58,45.87,True,Udaipur,private_job,High
25,66.8,1.67,35.63,False,Asansol,business_owner,Low
64,122.9,1.84,26.97,False,Rajkot,business_owner,High
52,78.3,1.86,29.67,False,Ranchi,unemployed,Low
31,116.7,1.48,20.61,False,Jabalpur,freelancer,Medium
34,96.6,1.7,12.49,True,Kolhapur,student,Medium
53,109.2,1.66,17.6,True,Guwahati,student,High
57,86.7,1.58,36.57,False,Ranchi,private_job,Medium
21,92.4,1.53,1.48,False,Kozhikode,unemployed,Medium
19,85.9,1.63,6.28,True,Hubli,government_job,Medium
23,63.0,1.89,2.97,True,Hyderabad,freelancer,Medium
59,103.6,1.62,2.72,False,Vadodara,unemployed,Medium
21,69.6,1.71,41.18,True,Noida,freelancer,Medium
46,49.9,1.79,34.01,False,Kolkata,freelancer,Low
35,97.7,1.64,23.18,False,Warangal,freelancer,Medium
43,61.6,1.91,5.42,True,Agra,unemployed,Medium
61,120.4,1.9,24.0,True,Delhi,private_job,High
51,121.5,1.59,23.15,False,Indore,student,Medium
27,118.4,1.7,8.98,False,Ludhiana,student,Medium
53,76.5,1.61,21.28,False,Jalandhar,private_job,Low
31,49.2,1.61,19.61,False,Gaya,freelancer,Low
48,119.5,1.5,29.87,False,Kolkata,government_job,Medium
65,81.0,1.75,30.78,False,Kota,retired,Medium
32,122.4,1.7,2.94,False,Udaipur,unemployed,Medium
25,122.2,1.5,18.48,False,Siliguri,retired,Medium
31,113.7,1.6,30.34,True,Mumbai,private_job,Medium
40,70.7,1.88,24.55,False,Vadodara,government_job,Low
57,77.7,1.59,41.23,False,Allahabad,unemployed,Medium
38,113.5,1.54,31.89,False,Warangal,private_job,Medium
33,72.4,1.7,8.49,False,Bilaspur,freelancer,Medium
62,61.1,1.91,4.13,True,Lucknow,student,High
35,90.9,1.59,31.12,False,Jodhpur,retired,Medium
64,120.1,1.78,2.05,True,Dehradun,business_owner,Medium
41,101.6,1.82,28.45,False,Agra,business_owner,Medium
43,91.9,1.58,45.18,True,Raipur,government_job,Medium
42,55.5,1.8,27.96,True,Mysore,freelancer,Medium
62,95.4,1.64,19.12,True,Bilaspur,retired,High
58,124.2,1.76,31.16,False,Ranchi,freelancer,Medium
46,58.8,1.76,22.43,False,Udaipur,retired,Low
32,87.9,1.72,26.55,False,Aurangabad,government_job,Medium
62,115.6,1.52,45.24,False,Gwalior,government_job,High
18,105.0,1.85,19.02,False,Hubli,business_owner,Medium
42,101.7,1.62,46.17,False,Mumbai,freelancer,Medium
24,102.1,1.56,43.53,False,Jodhpur,unemployed,High
26,75.7,1.5,10.04,True,Kolhapur,business_owner,Medium
41,70.6,1.74,4.07,False,Kota,freelancer,Low
18,110.3,1.78,5.56,True,Hyderabad,business_owner,Medium
